{"cameraMode":{"drawMode":0,"name":"Shaded","section":"Shading Mode"},"sceneLighting":true,"audioPlay":false,"sceneViewState":{"showFog":true,"showMaterialUpdate":true,"showSkybox":true,"showFlares":true,"showImageEffects":true,"showParticleSystems":true},"in2DMode":false,"pivot":{"x":14.716724395751954,"y":-2.159381866455078,"z":-9.705024719238282},"rotation":{"x":-0.17957128584384919,"y":-0.41754424571990969,"z":0.08455841988325119,"w":-0.8867173194885254},"size":20.660491943359376,"orthographic":false}