{"cameraMode":{"drawMode":0,"name":"Shaded","section":"Shading Mode"},"sceneLighting":true,"audioPlay":false,"sceneViewState":{"showFog":true,"showMaterialUpdate":true,"showSkybox":true,"showFlares":true,"showImageEffects":true,"showParticleSystems":true},"in2DMode":false,"pivot":{"x":-0.2736091613769531,"y":-20.9666748046875,"z":5.854181289672852},"rotation":{"x":-0.5023859143257141,"y":0.14085645973682404,"z":-0.08335907012224198,"w":-0.8490265607833862},"size":54.470218658447269,"orthographic":false}