{"cameraMode":{"drawMode":0,"name":"Shaded","section":"Shading Mode"},"sceneLighting":true,"audioPlay":false,"sceneViewState":{"showFog":true,"showMaterialUpdate":true,"showSkybox":true,"showFlares":true,"showImageEffects":true,"showParticleSystems":true},"in2DMode":false,"pivot":{"x":8.491462707519532,"y":-8.033851623535157,"z":4.849876403808594},"rotation":{"x":-0.32772818207740786,"y":-0.06849855184555054,"z":0.02383025549352169,"w":-0.9419953227043152},"size":33.78254699707031,"orthographic":false}