{"cameraMode":{"drawMode":0,"name":"Shaded","section":"Shading Mode"},"sceneLighting":true,"audioPlay":false,"sceneViewState":{"showFog":true,"showMaterialUpdate":true,"showSkybox":true,"showFlares":true,"showImageEffects":true,"showParticleSystems":true},"in2DMode":false,"pivot":{"x":9.937307357788086,"y":12.886240005493164,"z":-6.916341781616211},"rotation":{"x":-0.16134381294250489,"y":0.05533089116215706,"z":-0.00906044989824295,"w":-0.9853052496910095},"size":11.217202186584473,"orthographic":false}